<?xml version="1.0" encoding="UTF-8"?>
<!DOCTYPE mapper PUBLIC "-//mybatis.org//DTD Mapper 3.0//EN" "http://mybatis.org/dtd/mybatis-3-mapper.dtd">
<mapper
	namespace="kr.or.ddit.admin.reservation.confroom.dao.AdConfRoomDAO">
	
	<!-- 등록된 회의실 전체 목록 조회 -->
	<select id="selectConfRoomList" resultType="ConfRoomVO">
		SELECT
		    conf_room_cd,
		    conf_room_capacity,
		    conf_yn,
		    conf_room_nm
		FROM
		    conf_room
	</select>
	
	<select id="selectConfRoomOne" resultType="ConfRoomVO" parameterType="String">
		SELECT
		    conf_room_cd,
		    conf_room_capacity,
		    conf_yn,
		    conf_room_nm
		FROM
		    conf_room
	    WHERE
	    	CONF_ROOM_CD = #{confRoomCd}
	</select>
	
	<!-- 신규 회의실 등록 -->
	<insert id="insertConfRoom" parameterType="ConfRoomVO">
		INSERT INTO conf_room (
		    conf_room_cd,
		    conf_room_capacity,
		    conf_yn,
		    conf_room_nm
		) VALUES (
		     #{confRoomCd, jdbcType=VARCHAR},
		    #{confRoomCapacity, jdbcType=VARCHAR},
		    'Y',
		    #{confRoomNm, jdbcType=VARCHAR}
		)
	</insert>
	
	<delete id="deleteConfRoom" parameterType="String">
		DELETE 
			FROM CONF_ROOM
		WHERE
        	CONF_ROOM_CD = #{confRoomCd}
	</delete>
	
	<update id="updateConfRoom" parameterType="ConfRoomVO">
		UPDATE CONF_ROOM
			SET
				 CONF_ROOM_CAPACITY = #{confRoomCapacity,jdbcType=VARCHAR},
				 CONF_YN = #{confYn,jdbcType=VARCHAR},
				 CONF_ROOM_NM = #{confRoomNm,jdbcType=VARCHAR}
			WHERE
		        CONF_ROOM_CD = #{confRoomCd,jdbcType=VARCHAR}
	</update>
</mapper>