<?xml version="1.0" encoding="UTF-8"?>
<beans xmlns="http://www.springframework.org/schema/beans"
	xmlns:xsi="http://www.w3.org/2001/XMLSchema-instance"
	xmlns:c="http://www.springframework.org/schema/c"
	xmlns:context="http://www.springframework.org/schema/context"
	xmlns:mvc="http://www.springframework.org/schema/mvc"
	xmlns:p="http://www.springframework.org/schema/p"
	xsi:schemaLocation="http://www.springframework.org/schema/beans http://www.springframework.org/schema/beans/spring-beans.xsd
		http://www.springframework.org/schema/context http://www.springframework.org/schema/context/spring-context-4.3.xsd
		http://www.springframework.org/schema/mvc http://www.springframework.org/schema/mvc/spring-mvc-4.3.xsd">

	<mvc:annotation-driven validator="validator"></mvc:annotation-driven>
	
	<bean id="validator" class="org.springframework.validation.beanvalidation.LocalValidatorFactoryBean" 
		p:validationMessageSource-ref="messageSource"
	/>   

	<bean class="org.springframework.web.servlet.view.InternalResourceViewResolver" 
		p:prefix="/WEB-INF/views/"
		p:suffix=".jsp"
	/>
	
	<bean id="jsonView" class="org.springframework.web.servlet.view.json.MappingJackson2JsonView" />
	<bean class="org.springframework.web.servlet.view.BeanNameViewResolver" 
		p:order="1"
	/>
	
	<bean class="org.springframework.web.servlet.view.tiles3.TilesConfigurer" 
		p:definitions="/WEB-INF/tiles/*-tiles.xml"
		p:preparerFactoryClass="org.springframework.web.servlet.view.tiles3.SpringBeanPreparerFactory"
	/>
	<bean class="org.springframework.web.servlet.view.tiles3.TilesViewResolver" 
		p:order="2"
	/>
	
	<context:component-scan base-package="kr.or.ddit" use-default-filters="false">
		<context:include-filter type="annotation" expression="org.springframework.stereotype.Controller"/>
	</context:component-scan>
	
<!-- 	정적 자원 처리 방법 -->
<!-- 	1. WAS 의 DefaultServlet 에게 정적 자원 요청을 위임. -->
<!-- 	<mvc:default-servlet-handler/> -->
<!-- 	2. SimpleUrlHandlerMapping 을 추가하고, /resources/** 패턴으로 정적자원에 대한 일괄 처리 지원. -->
		<mvc:resources location="/resources/" mapping="/resources/**" cache-period="0" />
		<mvc:resources location="file:///D:/team4img/groupware/freeboard/" mapping="/freeboardFile/**" />
		
	<mvc:interceptors>
		<bean class="org.springframework.web.servlet.i18n.LocaleChangeInterceptor"
			p:paramName="lang"
		/>
	</mvc:interceptors>
	
</beans>












