<?xml version="1.0" encoding="UTF-8"?>
<!DOCTYPE tiles-definitions PUBLIC
       "-//Apache Software Foundation//DTD Tiles Configuration 3.0//EN"
       "http://tiles.apache.org/dtds/tiles-config_3_0.dtd">
<tiles-definitions>

	<definition name="attendance/*" extends="abstractDef">
		<put-attribute name="content" value="/WEB-INF/views/groupware/attendance/{1}.jsp" />
	</definition>
	
	<definition name="webhard/*" extends="abstractDef">
		<put-attribute name="content" value="/WEB-INF/views/groupware/webhard/{1}.jsp" />
	</definition>
	
	<definition name="adminAttendance/*" extends="abstractDef">
		<put-attribute name="content" value="/WEB-INF/views/admin/attendance/{1}.jsp" />
	</definition>
	
	
</tiles-definitions>       















