<?xml version="1.0" encoding="UTF-8"?>
<!DOCTYPE tiles-definitions PUBLIC
       "-//Apache Software Foundation//DTD Tiles Configuration 3.0//EN"
       "http://tiles.apache.org/dtds/tiles-config_3_0.dtd">
<tiles-definitions>
<definition name="abstractDef" template="/WEB-INF/views/template.jsp">
		<put-attribute name="title" value="Company305" />
		<put-attribute name="preScript" value="/includee/preScript.jsp"/>
		<put-attribute name="cssScript" value="/includee/cssScript.jsp"/>
		<put-attribute name="headerMenu" value="/includee/headerMenu.jsp" />
		<put-attribute name="leftMenu" value="/includee/leftMenu.jsp" />
		
		<put-attribute name="footer" value="/includee/footer.jsp"/>
		<put-attribute name="postScript" value="/includee/postScript.jsp"/>
	</definition>

	<definition name="pms/project/*" extends="abstractDef"> 
		<put-attribute name="content" value="/WEB-INF/views/pms/project/{1}.jsp"  />
	</definition>
	
	<definition name="pms/gantt/*" extends="abstractDef">
		<put-attribute name="content" value="/WEB-INF/views/pms/gantt/{1}.jsp"  />  
	</definition>
	
 	<definition name="pms/pdash/*" extends="abstractDef"> 
		<put-attribute name="content" value="/WEB-INF/views/pms/pdash/{1}.jsp"  />  
	</definition> 
	
 	<definition name="faq/*" extends="abstractDef"> 
		<put-attribute name="content" value="/WEB-INF/views/groupware/board/faq/{1}.jsp"  />   
	</definition> 
	
 	<definition name="workstatus/*" extends="abstractDef"> 
		<put-attribute name="content" value="/WEB-INF/views/pms/work/{1}.jsp"  />  
	</definition>  
	
	
 	<definition name="adminproject/*" extends="abstractDef"> 
		<put-attribute name="content" value="/WEB-INF/views/admin/adminproject/{1}.jsp"  />  
	</definition>
	  
 	<definition name="mypage/*" extends="abstractDef"> 
		<put-attribute name="content" value="/WEB-INF/views/groupware/mypage/{1}.jsp"  />     
	</definition>
	   
 	<definition name="pleader/*" extends="abstractDef">  
		<put-attribute name="content" value="/WEB-INF/views/pms/pleader/{1}.jsp"  />      
	</definition>   
	   
	
</tiles-definitions>       















